"ID","X","Y","pH","OM","P","K","Mg","Ca","Al","NO_3","EC","Elev"
"1",28.7302584445334,626.367518345435,5.7,2.7,70,480,900,4400,1100,22.08,25.25,1.019352
"2",48.2522760881755,626.6902389987,6,4,200,820,660,5700,1110,53.04,23.8,1.2630043
"3",68.8018533526972,626.44411649269,6.3,1.9,60,450,568,5700,1080,13.14,12.5,1.0853233
"4",88.8320596608744,627.467407924729,6.1,2.5,105,420,550,5200,1090,37.5,20.1,1.8479729
"5",107.814243662178,628.362440659728,5.9,1.6,40,420,430,5300,1140,15.24,25.65,1.7201958
"6",127.590867605591,628.221707146837,6,2.7,140,270,330,3900,1110,32.71,10,2.1812668
"7",148.022653621862,628.564443597867,6.4,1.7,105,270,475,3200,840,24.06,10.9,2.0848198
"8",168.369733835137,628.840605928885,6.1,2.6,170,400,360,3600,1120,40.84,12,2.6876831
"9",187.143676711047,629.45179338529,5.6,3,175,470,210,2700,1370,48.08,11.675,2.7311478
"10",37.442250932833,605.633763179978,5.9,3,150,770,810,5300,1070,18.15,13.45,1.3716202
"11",56.2144107592631,607.27629816529,6,2.5,90,600,560,4700,1010,28.18,14.6,1.205925
"12",78.7486302071468,607.274808318267,6.1,2,100,515,570,4800,1060,20.88,11.25,1.8167343
"13",99.2687068815672,606.702353331947,6.1,2.4,215,610,330,3700,1160,13.25,15.6,1.9105301
"14",116.74033173013,605.403042569016,6.2,2.6,150,340,440,4200,1180,26.1,9.2,2.1749229
"15",138.189225202131,604.994617049654,5.6,2.8,190,550,270,2700,1350,64.21,8.3,2.2877083
"16",158.07902977748,605.169665995388,6.1,3,140,360,430,3600,1250,39.83,13.2,2.5690689
"17",178.938059562528,604.357039669543,6.1,2.8,180,550,360,3400,1260,37.16,12.85,2.9020271
"18",197.097301334017,605.124074944979,6,1.9,120,350,370,2800,1090,26.95,8.95,2.7461739
"19",27.0064508739266,584.979560046003,5.9,2,60,440,493.75,5600,1260,15.72,15.1,1.2729263
"20",48.0883013777474,585.846918591047,6.2,2.4,135,850,410,4500,1110,30.17,10.7,1.5832901
"21",69.1255576478179,586.252397495599,5.7,2,70,430,670,4000,1340,28.41,8.2,1.6253471
"22",89.7101921740176,585.610208411406,6.5,2,90,300,420,4400,1260,21.53,15.4,2.2314835
"23",126.794267310154,584.111326186245,5.9,2.6,230,445,250,3000,1410,57.53,7.8,2.8292503
"24",146.519465086054,583.562732832063,6.2,1.6,130,280,385,2800,900,13.18,9.7625,2.5047493
"25",165.391316270133,582.738853158764,6.1,3.3,200,360,220,3100,1270,32.9,12.3,3.0785027
"26",186.013042983134,581.924034629182,5.6,3.3,170,430,170,2200,1560,42.09,9.925,3.2318916
"27",39.951814383943,566.71168364093,6.1,2.4,130,525,585,4500,1020,19.05,14.5,1.7633781
"28",57.6645801150955,565.61177913401,6,1.6,70,470,500,3600,1150,13.07,11.1,1.6417885
"29",76.2656448008883,564.808342281743,6.1,2.2,120,510,300,3700,1080,40.92,11.35,2.459259
"30",96.8674758153835,564.248340252507,6.6,2.1,205,400,260,3900,960,36.18,9.55,2.5224838
"31",116.344018921055,563.016726410192,6.3,2.5,155,280,305,3300,1020,25.84,9.6,2.8110695
"32",137.210260907965,562.485905186764,5.8,3.1,220,510,200,2400,1470,61.28,6.1,2.7837067
"33",154.487080069112,562.534459444848,5.6,1.9,155,420,115,2442.85714285714,2050,22.17,6.7,2.925396
"34",174.651559626965,562.326814900053,5.7,3.4,180,530,160,1900,1900,48.24,9,3.5771141
"35",193.324005576282,560.136007798875,5.7,3.9,205,280,150,1900,1490,33.68,5.55,3.6436615
"36",27.4040894795075,548.005899196618,6.1,2.3,80,470,670,4000,970,16.71,13.9,1.5005951
"37",48.6187800279148,546.828166292181,6.6,2.5,260,630,285,3600,700,49.81,13.2,1.9828148
"38",68.6870021611367,545.642327252506,6,1.8,100,415,410,3200,1120,31.84,7.6,2.1604118
"39",87.264752246235,546.153900125385,6.2,2.4,180,400,220,3000,1060,27.35,10.6,2.8683548
"40",105.943525217713,545.511632619689,5.5,1.1,70,195,370,2300,930,6.09,7.4,2.7461319
"41",124.815802974335,545.171200730279,6,3.3,220,410,220,2800,1500,38.17,6.8,3.2326279
"42",144.774292044293,544.973076127013,5.7,2.1,290,461.666666666667,350,2200,1150,93.81,6.75,2.988636
"43",166.245680274562,542.992768985078,5.7,3.7,340,640,180,2600,1690,67.22,8.5,3.6712685
"44",186.14730528132,544.125667569277,5.4,3.7,240,435,110,1500,1830,51.13,7.84166666666667,3.746048
"45",37.4121744356731,526.201121293732,6.7,1.8,150,390,240,3600,750,23.01,9.15,2.0416145
"46",57.788980183543,526.008034731573,6.6,1.8,170,440,200,2900,990,33.76,11.65,2.1618805
"47",77.0066411374176,525.671981548121,6.2,2.8,150,415,170,2600,1430,46.83,7.35,2.7491951
"48",97.1701392625833,525.174565820029,6.6,3,200,450,180,3200,1490,27.41,8.55,3.1064072
"49",116.852945700349,524.232002745462,5.9,3.6,230,370,150,2400,1490,32.17,4.65,3.5001869
"50",136.352241164037,522.484328764217,5.5,3.5,130,440,120,1400,2060,30.23,5.6,3.7049446
"51",155.891073324299,522.075684625178,5.6,3.9,140,320,130,1600,1870,33.88,4.7,3.6776237
"52",175.949731759741,521.652151541229,5.4,4.4,280,720,170,1700,1710,48.93,8.55,3.9335213
"53",195.644134929537,521.599996622362,5.5,1.7,190,390,210,1700,1150,18.96,6.65,3.6776581
"54",26.3386944700974,506.981333445671,6.5,1.7,240,330,290,3100,860,22.63,10.5,1.790123
"55",45.569966635797,507.48255201244,6.8,2.2,230,690,210,3500,1130,74.84,17.95,2.3918495
"56",67.1539888142877,507.085265178581,6.1,1.9,190,375,160,2000,1740,56.47,4.35,2.4953232
"57",85.6762116063381,506.344806151118,6.7,3.1,160,350,200,3000,1760,30.19,7,3.3761253
"58",104.045590012233,505.429454768271,5.3,1.2,190,480,230,1400,1660,20.04,4.45,3.1980934
"59",125.731086840034,504.748909788988,5.8,3.4,250,350,170,2200,1800,34.57,9.6,3.95541
"60",145.258104118388,504.122929801973,5.5,2.2,260,520,220,1800,1600,39.41,6.5125,3.5897255
"61",165.222002785783,503.770151101553,5.6,4.2,290,500,140,1900,2010,57.03,6.8,4.0170288
"62",185.846749088614,504.219883164837,5.3,3.4,280,580,155,1600,1490,69.98,7.60833333333333,4.0522003
"63",35.6136091882487,486.106983537204,6.4,2.2,260,420,160,2800,1280,34.16,7.4,2.482193
"64",56.0194927365188,486.079285991125,6.2,2.9,140,450,120,2300,1890,32.18,3.5,2.7086411
"65",76.7001429448615,486.722175888694,6.3,3.2,140,330,120,2500,1690,38.65,7.65,3.2836037
"66",96.8793380943265,487.797557576429,6.1,3.5,180,350,150,2600,1850,45.74,12.4,3.3652229
"67",116.827577639486,486.620464189148,5.8,3.5,300,370,200,2400,1730,45.56,6.8,3.7827301
"68",136.754655813498,486.322687009139,5.5,4,265,390,110,1400,2040,37.16,7.6,3.6491394
"69",156.465009208398,487.447503268716,5.6,4.5,275,330,130,1900,1900,45.76,5.7,3.7824936
"70",176.626496800623,487.111203811576,5.4,3.3,230,790,160,1400,1890,107.39,11.1,4.2173805
"71",195.742787898727,487.184641104741,5.4,2.1,240,545,160,1500,1540,22.56,6.1,4.0764618
"72",25.7542854874527,467.443940189422,6,2.7,170,390,150,1800,1980,22.67,3.85,2.4917679
"73",46.9070156442753,468.323288613659,6.7,4,150,480,150,3700,1890,60.3,11.1,3.0056419
"74",66.288248752688,468.576311097608,6,2.6,140,530,160,1600,2140,46.4,3.3,3.1183434
"75",86.4152777081581,467.915688532622,6.2,3.2,210,300,130,2700,1880,55.04,8.4,3.4476776
"76",104.512824517118,468.69468562662,5.5,1.1,130,180,210,1600,1440,5.74,6,3.3617668
"77",125.918010044493,468.089680523705,5.6,3.6,320,340,130,2000,1820,42.6,7.65,3.8820152
"78",146.392598808194,467.398074765373,5.7,2.3,265,550,250,2300,1210,39.78,7.09285714285714,3.5745125
"79",165.319743428643,468.217916619855,5.2,3.9,380,760,185,1900,1570,102.53,7,4.1111412
"80",185.732350761056,468.773198378295,5.3,4.7,170,540,130,1000,2010,51.21,6.85,4.4079285
"81",36.5831301882552,448.147910100398,6.4,4.5,170,680,190,3100,1790,35.71,3.2,3.1396027
"82",54.8301171464549,448.574561859861,6.6,3.6,200,580,165,3200,1700,27.82,6.6,3.0586853
"83",74.169221457464,449.489995836701,6.2,3.8,260,390,145,3100,1730,30.1,6.75,3.3953133
"84",95.5249272445685,448.80752230545,6,3,150,490,170,2400,1800,38.3,7.3,3.4782677
"85",115.28852050612,447.392871871368,5.9,3.7,150,290,200,2400,1850,43.07,6.8,3.833889
"86",135.00517411234,447.034601043385,5.2,3.5,210,490,145,1400,1760,48.18,5.45,3.9094391
"87",154.504064914462,447.922990469033,5.3,3.9,220,560,150,1600,1720,78.67,7.3,4.010601
"88",174.676290606887,447.445035391699,5.2,3.4,200,620,170,1500,1780,39.25,6.65,4.5699501
"89",196.116544899282,447.552582513552,5.5,2.9,90,440,110,800,2230,32.14,3.4,4.7697182
"90",26.5896692622514,428.805923074828,6.3,2.8,140,335,180,2400,1710,37.42,4.9,3.0462265
"91",44.1537887870826,428.600114781216,6.4,3.5,340,498.125,240,4200,1560,41.59625,16.1,3.2986717
"92",62.9086477585161,428.190605289,6.1,2.4,190,460,230,3100,1610,47.47,8.3,3.0475006
"93",82.1441653784384,427.645713974547,6.1,3.9,280,460,170,2700,1700,44.05,6.95,3.5594139
"94",102.264477281464,426.185248361637,6.2,2,190,180,130,1100,1840,26.06,3.8,3.7213821
"95",127.260666353178,426.271055290438,5.3,4.4,160,560,160,2000,1900,65.48,8.5,4.3221893
"96",146.433577310937,424.524017461975,5.3,3,320,470,160,1400,1720,43.44,6.77,4.2192001
"97",166.115515707962,422.63824235852,5.5,4,250,615,140,1800,1730,49.53,5.1,4.9788818
"98",186.09619481916,421.839382463576,5.2,3,50,490,80,700,2240,39.17,4.6,4.9693375
"99",34.8346837228967,407.600856126319,6.1,3,270,580,190,3000,1500,45.78,4.75,3.3704414
"100",55.7124399386446,407.71127262395,6.2,2.7,230,500,140,2400,1700,33.04,4.5,3.2538567
"101",74.8994557399432,406.823853879392,6.2,3.5,270,410,160,2900,1580,27.68,5.45,3.6322937
"102",95.6393546256765,405.514678430018,5.8,3.6,240,480,165,2300,1560,56.05,4.7,3.7126579
"103",116.102392663428,402.259314430284,5.8,3.5,210,460,185,2200,1680,56.31,6.1,4.2480469
"104",135.818556663339,402.233673668677,5.5,3.8,180,580,150,1600,2060,47.8,6.95,4.5574341
"105",156.079442147554,401.434626618534,5.8,3.9,130,480,120,2000,2000,34.24,4.95,5.0185623
"106",175.568662338365,400.306554757273,5.8,4,150,690,150,1700,1840,37.78,5.2,5.2896385
"107",27.8822807481644,390.366398446381,5.9,2.3,190,450,180,2100,1340,22.45,5.9,3.3192368
"108",46.9593374342398,389.01128667118,6.5,3.4,340,610,160,3300,1630,39.26,13,3.4935188
"109",65.6208186468657,388.654804648792,5.6,2.7,300,550,190,1800,1790,45.99,5.5,3.4343491
"110",85.9585508630487,388.543430830421,5.5,3.7,330,300,190,2300,1670,85.47,5.1,3.9959526
"111",102.739462355852,387.068349265593,5.2,2.2,235,190,100,1000,1840,23.08,3.05,4.0408859
"112",124.582791131327,384.482034912559,5.6,3.7,180,440,140,2000,1740,42.05,7.15,4.7140274
"113",146.484055955959,384.311968162844,5.4,3.7,190,580,130,1200,2010,45.29,6.1,4.8921509
"114",166.226746625274,383.171244809647,5.6,3.8,230,810,160,1700,1890,39.85,10.5,5.5147629
"115",38.4321337536529,366.765345774068,5.9,3.6,200,585,150,2700,1660,55.05,5.7,3.6934128
"116",57.5189336603017,366.563979072718,6.4,3.1,220,510,150,2700,1690,22.42,3.5,3.6656418
"117",76.9204834938445,366.606601807414,6.3,3.5,320,365,170,2900,1970,26.06,5.7,3.9572639
"118",97.1216227642657,365.666620123075,6.2,3.1,270,405,170,3200,1640,25.87,5.15,4.2368774
"119",114.234261117594,366.147791825289,5.5,3.6,170,300,150,1900,1670,38.74,6.2,4.7429771
"120",133.922172299074,365.370603328464,5.4,3.2,105,510,130,1100,1930,36.35,6.45,5.0599823
"121",154.225693277815,365.0227377328,5.5,3.4,175,625,110,1200,1890,30.13,5.2,5.3715973
"122",174.830722998093,364.709738170586,5.7,3.2,30,820,460,2300,1910,128.8,7.25,5.359417
"123",27.8580590955041,348.775871691986,6.1,2.2,90,330,120,1600,2320,21.7,2,3.8875389
"124",46.3324410845952,347.373300309211,6.3,3.8,350,460,180,2500,2060,25.38,5.3,4.0943527
"125",67.1652572205922,346.218543497635,5.6,2.9,290,620,200,1400,1800,41.33,5,4.0216408
"126",88.6415753754384,343.771715380969,5.9,3.2,290,360,205,2800,1720,109.52,5.95,4.6375504
"127",105.894508167561,343.337161500552,5.4,1.7,140,160,85,800,1910,10.07,3.7,4.6364861
"128",124.15761836506,342.43053698298,5.6,4.1,105,320,110,1600,1950,37.99,6.2,5.2461166
"129",144.369858203988,342.518442384321,5.2,2.7,170,660,120,900,2050,48.39,4.1,4.9673233
"130",163.800407639562,341.079228091056,5.5,3.6,115,550,130,1300,2190,34.06,5.85,5.359417
"131",39.9658946707528,329.13568090304,6.2,4.1,220,490,170,2500,1810,46.36,5,4.279808
"132",57.8144623559572,326.632027642634,6.4,4.2,160,425,120,3100,1700,38.42,5.35,4.2589798
"133",76.5500586205052,324.224646780182,6,3.5,180,400,130,2100,1910,24.77,5.8,4.6565704
"134",98.1026521354502,324.351466821524,5.7,3.5,350,460,140,1800,1710,35.24,5.2,4.7312851
"135",116.743052844209,324.76695207174,5.7,3.3,150,230,170,1700,1640,31.6,6,5.059063
"136",136.953176037043,324.188253746028,6.8,1.9,140,270,370,2400,1140,33.66,9,4.9854507
"137",155.218247840875,324.019358958115,5.5,2.8,160,850,205,1400,1890,62.01,6.8,5.5095444
"138",26.2562979661042,305.640975596944,6.2,3.4,70,290,130,1800,1910,30.14,2.5,4.3050232
"139",45.778509587633,305.434067805501,6.4,4.2,150,650,170,3100,1870,31.2,4.65,4.7132416
"140",67.8236597523341,304.825723119486,5.9,2.9,150,520,165,1600,1820,29.79,5.7,4.7902184
"141",88.2001210111932,304.000200514885,6.2,4.6,160,670,230,2800,1820,71.64,4.85,5.0191689
"142",104.380968034051,304.005841358042,5.6,1.2,140,140,170,1300,1410,12.18,2.8,4.7645798
"143",124.963583334734,305.322533427751,6.8,2.4,90,270,410,3000,1260,43.69,7.8,5.3887634
"144",145.704776588589,304.69606253721,5.5,2.7,95,540,160,1000,1820,23.69,4.95,5.3262062
"145",164.514610847812,304.646166716832,5.2,4,210,541.25,210,1500,1900,118.21,10.7,4.9809875
"146",35.9419807009035,284.526655585767,6.2,4.7,90,565,170,2900,1720,83.99,6.8,4.8722572
"147",57.871510989654,285.630718345695,6.8,3.2,130,470,110,3700,1930,22.55,5.25,4.7611961
"148",77.5850077555199,284.834824413568,6.3,3.2,130,310,130,2500,1840,26.07,4.5,5.082386
"149",96.4387961231854,284.696218638655,5.7,3,210,570,120,1600,1740,19.43,3.4,5.1873779
"150",115.666096615122,286.017563808457,5.2,4.1,90,385,145,1500,1710,45.78,3.5,5.4124985
"151",136.438677621278,286.586336657466,5.7,2.9,170,660,170,2300,1700,34.05,6.3,5.2682457
"152",156.585464613439,286.342919016989,5.6,2.3,250,490,190,1900,1630,47.92,4.3,5.047142
"153",175.858707409592,285.485653775019,5.6,1.3,220,285,290,2100,860,25.07,12.5,5.071701
"154",195.749466939954,285.152016286255,5.7,2.1,370,290,160,2400,1240,27,7.7,4.6178207
"155",26.8039787280335,263.630998429569,5.7,2.6,70,260,125,1400,1960,35.67,2.8,4.7785606
"156",43.0615699569294,266.9677860863,6.2,4.7,240,600,180,2800,1730,32.12,5.34285714285714,4.9210167
"157",64.7820342580421,265.550196158626,5.6,2.7,180,750,200,1700,1850,89.66,4,4.8152809
"158",86.1310833462074,265.32100557737,6.3,4.7,180,730,230,3700,1640,58.23,5.1,5.4698143
"159",105.564135346466,265.034872530974,5.3,1.1,100,195,55,500,1950,9.8,2.3,5.0565453
"160",124.195006310481,265.328524120579,5.5,3.3,160,425,125,1600,1820,37.14,8.15,5.2686806
"161",145.438815944458,265.951731583568,5.7,2.8,280,330,170,2200,1310,34.01,5.6,4.8582191
"162",165.246028419655,265.465623812843,5.7,2.4,390,270,210,2600,1240,32.64,7.85,4.9363823
"163",184.285857034733,264.228463864968,6,4.1,350,470,170,2800,1610,30.95,10.8,4.7978134
"164",36.5049926673069,246.619039709339,6,4,170,720,140,2200,1750,33.81,6.5,5.0606689
"165",57.0261405151698,245.700712649462,6,3.9,90,430,100,2500,1880,22.44,3.4,5.1168861
"166",77.1648372192943,245.097121931389,5.7,3.9,170,800,170,2300,1810,64.93,2.75,5.2695465
"167",94.8678357810101,245.243737666441,5.7,2.4,240,530,180,1800,1740,27.16,5.15,5.1797752
"168",115.983668148992,246.193206166994,5.6,3,240,420,170,1800,1640,33.05,5.3,4.9888
"169",134.304397640323,245.434849162241,5.8,3,330,370,150,2100,1430,36.63,8.4,4.9897652
"170",155.614659420718,245.125330504685,5.6,2.1,330,420,230,2100,1200,55.79,9.55,4.7767944
"171",175.6261532222,244.813467295539,5.8,3.4,450,640,200,2300,1530,56.43,13.2,4.9909821
"172",195.051563043636,244.757039043247,6,2.1,250,450,280,2300,960,22.22,8.25,4.4187622
"173",26.6016207966616,228.869526370369,5.1,3.4,120,230,100,500,2030,32.8,1.6,5.0002632
"174",46.4305659394642,227.424531415776,6.2,3.8,220,750,185,2800,1740,23.37,3.35,5.4353104
"175",65.6206406384089,226.584259180939,5.1,2.7,185,425,160,700,1860,32.75,3.65,5.0897179
"176",86.7190548939505,225.104525674888,6.2,3.2,200,760,265,2500,1650,71.33,7.6,5.1921082
"177",106.487176973335,224.857831002463,5.1,1.9,170,290,280,1500,1050,18.97,3.9,4.6634483
"178",125.037866785897,225.532452531377,5.8,3.2,400,355,190,2500,1410,37.54,10.1,4.8659172
"179",144.685489583645,224.229456090283,6.2,3.4,385.714285714286,430,280,3100,1500,21.57,11.7,4.7767944
"180",164.037777058423,224.001424314636,6.2,3.6,430,310,195,3200,1660,43.33,12.45,4.7767944
"181",183.68521564141,223.552497932769,5.9,4.9,250,475,180,2700,2020,48.08,8.75,4.8401527
"182",38.7472825278058,206.30667553291,5.8,3.6,160,600,170,2200,1700,52.79,3.7,5.2404785
"183",58.5716414957618,206.579372108875,6,2.8,230,710,180,2500,1860,54.91,5.45,4.8015099
"184",78.2893994111582,206.594121733143,5.3,2.8,240,510,230,2100,1840,135.58,5.45,5.1075935
"185",95.2830317275367,206.272256212978,5.8,2.8,280,375,235,2300,1170,19.28,6.7,4.7710457
"186",114.883154794229,205.873171379156,6.4,4.3,410,355,360,3400,1290,30.17,13.2,4.6799927
"187",134.022221410947,205.146039927421,6.1,3.1,365.102040816327,610,335,3100,1360,73.26,9.5,4.7767944
"188",154.226773877903,204.934421816051,6.3,1.8,210,390,300,2400,1020,15.81,9.5,4.7767944
"189",175.564209522599,204.529155441764,6.1,1.8,220,310,110,1600,1790,19.53,10.8,4.8172569
"190",194.599557462302,203.893320057639,5.7,1.2,190,215,135,1200,900,18.7,7.4,4.4640388
"191",25.8424451747564,185.006237586258,5.4,1.8,130,250,130,1000,1770,18.19,2.65,4.8840332
"192",46.1148161350103,184.085795850201,6,2.8,240,510,170,2300,1450,44.1,5.5,5.1553993
"193",66.6397949157717,184.895622620599,5.7,3.95,283.75,135,390,2300,790,27.7,8.55,4.5317154
"194",85.331111036804,184.070208556434,6.8,4.7,262.678571428571,490,270,3900,1170,35.61,14.3,4.9662132
"195",125.139384252023,184.678981233588,6.2,5.4,390,440,385,3400,1310,38.49,7.9,4.8478966
"196",144.821742407679,184.039164851829,6.3,2.1,240,175,190,2200,900,22.03,11.35,4.7767944
"197",164.998396050794,183.210470197451,6.7,2.7,350,285,200,3200,1300,53.61,15,4.7767944
"198",185.107412144692,182.956034320724,6.4,2.9,260,360,225,3500,1090,56.09,11.6,4.6964111
"199",36.1497973909531,163.41024594043,5.4,4.2,440,740,225,2300,1350,97.64,6.4,4.8841858
"200",56.915885280825,164.20726670436,6.2,4.5,360,750,320,3400,1200,60.14,9.45,4.5317154
"201",76.9609490647682,164.868921050716,6.5,6.4,240,570,520,4400,1120,77.47,9,4.7945671
"202",99.2217404922521,164.374068623556,6,7.1,305,500,315,3200,1280,32.2,9.1,4.6634483
"203",114.025265890703,165.311116887063,6.4,4.5,360,320,300,3000,970,36.63,14.7,4.6634483
"204",135.096359567561,163.904180233372,5.9,3,365,310,200,2600,1000,38.64,10.3,4.7972298
"205",155.141759205556,163.206471514127,6.4,1.8,140,210,360,3000,650,25.95,8,4.7767944
"206",174.96587301782,162.716525547633,6.7,2.5,270,360,340,3500,750,54.14,15.8,4.9157562
"207",194.36410333273,161.962389986029,7,1.4,70,345,620,4000,770,12.8,17.05,4.2971001
"208",23.833238138148,145.55995136822,5.7,3.2,310,570,330,2000,1240,17.43,7.9,4.5143509
"209",44.4595960237582,144.991508656736,6.4,4.11428571428571,325,515,370,4700,1260,65.15,6.75,4.8188896
"210",64.5046433522187,144.373773821711,7.3,5.28775510204082,257.857142857143,150,570,3100,630,31.2,10.15,4.5317154
"211",84.1723616521295,143.567342561862,6,4.58396501457726,275,570,340,3400,1270,102.21,17.65,4.9355125
"212",103.393920482273,144.194470062808,6.2,5.15485214493961,130,260,315,2200,720,10.41,7.5,4.6634483
"213",123.948520964397,145.339488095835,6,4.1,350,430,340,2800,1160,52.66,10.5,4.8383064
"214",144.081829873354,144.482523989944,6.4,2.6,300,210,260,3100,730,17.92,12,4.7767944
"215",164.73918665782,143.518194770781,7.2,2.3,250,200,330,4300,630,20.53,11.6,4.7959862
"216",184.35959782575,142.847938580019,6.9,2.5,270,305,240,3700,850,41.5,8,4.7230606
"217",33.1658190518229,126.923588850549,6.3,6.5,200,430,465,4000,1170,41.9,8.35,4.7652054
"218",54.1426001132591,127.447261938416,6.6,6.5,285,680,480,4200,1100,31.95,7.8,4.5317154
"219",74.1081754597142,126.021599952485,7.1,5.7,210,230,565,4600,930,27.85,9.25,4.6771317
"220",95.494662460879,125.125601883545,6.1,6.4,395,340,260,2800,1210,23.24,7.5,4.6634483
"221",114.622504585584,125.021265263521,6.7,5.5,320,310,355,3500,1030,31.48,11.65,4.6634483
"222",134.939508871453,124.415973829845,6.3,3.1,280,150,180,2800,720,21.98,10.7,4.7952156
"223",154.88922860257,123.163964995267,6.4,1.7,170,240,210,2100,480,23.07,-8.55,4.7767944
"224",175.377860088265,123.015613779336,6.6,1.8,215,260,180,2300,1460,25.84,12.5,5.000515
"225",195.294625671713,121.974366771703,6.1,2.18,115,240,230,1900,740,15.43,6.5,4.4876976
"226",23.9902351782424,107.925129459763,5.9,4.5,145,330,350,2500,950,24.08,8.1,4.5575333
"227",44.6306730384462,107.235453440035,6.4,5.7,280,490,470,5300,1040,114.74,8.35,4.7494202
"228",63.9179542802053,106.404620926548,7.2,2.3,100,175,650,3800,700,15.53,12.9,4.5317154
"229",83.6207800867449,106.291371990952,6.1,6.1,330,650,350,3500,1060,69.23,9.35,4.8616638
"230",102.985187090632,105.514682710425,5.8,2.3,100,185,310,2300,640,14.65,8.1,4.6634483
"231",123.907143121106,105.497614473223,6.6,3.7,230,170,360,3500,870,24.32,8.7,4.8911552
"232",143.015552154184,103.692988277696,6.2,2.9,285,120,150,2300,950,16.93,8.5,4.7767944
"233",163.469975992076,103.432668597564,7,2.4,270,120,180,2800,960,22.78,12.8,4.9263687
"234",184.110491963075,103.034089905973,7.4,2.2,300,385,190,4200,1450,38.17,6.1,4.863308
"235",32.6076550040209,87.0359032043642,5.8,5.14285714285714,190,310,430,4500,1080,52.5457142857143,5.05,4.6498947
"236",52.8446801539861,88.4439503101453,7.2,4,210,375,410,4400,730,22.45,16.6,4.5764771
"237",71.972048721481,88.4989040283055,7.3,3,130,230,480,4400,790,35.98,8.25,4.5418129
"238",92.3510987407861,86.856917491044,6.3,3.9,200,240,330,3100,840,86.68,8.9,4.6936722
"239",115.19581854195,86.1285312755682,6.8,3.9,255,210,320,3600,810,21.11,10.05,4.6634483
"240",136.328006767881,85.8949135592566,6.8,3.7,230,230,270,3300,920,26.99,8.5,4.8667145
"241",156.585559003092,84.8294826439834,6.3,1.4,250,300,240,2200,890,36.97,8.95,4.7767944
"242",175.971652744156,84.3053803173937,7.1,1.4,250,250,290,3400,1000,14.32,12.85,5.0724487
"243",195.520758817466,84.0390440119858,6.9,1.1,145,300,450,3600,1020,15.46,11.2,4.4946442
"244",24.4477210304269,69.4333746105501,6.4,4.1,100,190,390,3000,800,16.81,6.8,4.4063988
"245",44.7967502928946,68.7489247956562,7.3,4.6,185,300,420,5200,650,25.48,10.1,4.7879105
"246",63.9880863818639,68.4595308784883,7.2,3.58333333333333,185.833333333333,160,790,4350,460,11.63,8.9,4.5317154
"247",83.0413533544243,68.994065593175,6.7,4.5,290,320,325,3500,760,21.77,10.6,4.8211212
"248",104.233427486781,69.3484236094929,6.5,3.3,40,160,580,2800,640,21.7,7.75,4.6634483
"249",125.8517571552,67.3416506817416,6.8,2.2,335,325,380,3200,720,32.67,10.25,4.8618355
"250",145.874675487622,68.0872926137412,7,2.1,155,180,330,3600,760,16.03,9.1,4.7767944
"251",165.501689518158,68.1741639843532,7.4,1.6,180,200,345,4500,760,19,15.7,5.1076088
"252",185.982179597156,69.2761874268298,7.4,1.9,160,320,450,4300,950,30.38,9.9,4.8881416
"253",33.5134672229376,48.7009923496471,6.8,6.1,170,285,335,4100,920,43.17,10.45,4.757267
"254",53.2007273379059,48.2850247342205,7.2,2.9,165,370,450,4200,520,18.24,10,4.6782227
"255",72.6201940758992,46.5731075300267,7.5,2.5,135,350,530,4400,610,15.79,11,4.5317154
"256",93.7480954325762,45.8338464978393,7.5,1.7,100,210,440,4400,670,31.35,11.75,4.8959084
"257",113.771691476048,43.7470796414581,7.6,1.5,190,240,450,5300,620,20.54,11.2,4.7461662
"258",132.734425517296,43.6834321155602,7.6,1.5,120,210,450,4200,690,17.43,8.4,5.2451134
"259",153.875234380172,44.4897703279448,7.8,1.55,90,200,435,5100,870,14.63,10.1,4.7767944
"260",174.130255936048,43.3079702754048,7.7,1.3,225,380,460,5200,1020,23.84,8.1,5.253582
"261",196.133958678683,39.0184149170271,7.6,1.5,140,190,565,4400,850,15.6,8.1,4.369606
"262",24.8616250292392,30.0718788463575,7.3,2.4,200,220,430,4800,500,30.21,11.7,4.5919762
"263",43.2890760197005,29.0564624704421,7.4,2.3,90,250,455,5600,540,87.25,11.95,4.8293381
"264",62.6311349821563,30.466178600084,7.3,1.8,80,210,510,3600,540,33.02,10.2,4.5342445
"265",81.1999520990422,29.5648743864485,7.4,2,160,340,630,4200,680,22.57,9.9,5.0462074
"266",101.576208984022,29.4776322502351,7.5,1.5,40,160,450,4300,530,15.62,11,4.7465134
"267",84.6703636767723,625.212049429223,6.1,2.6,120,640,500,4500,1090,19.75,18.9,1.8605995
"268",158.152592571811,621.155864849103,6.2,2.9,125,260,530,4000,1200,34.89,10.7,2.5216751
"269",39.3658954654472,610.279646069628,5.9,3.6,200,800,775,5100,1130,25.23,13.95,1.3546333
"270",180.267233433775,607.84208589652,6.1,3,140,330,340,3400,1240,31.27,11.35,2.8671227
"271",29.9192788037449,582.37275522373,5.6,3.3,170,430,170,2200,1560,25.95,17,1.3572121
"272",129.361501354902,575.593409902791,5.6,2.4,120,490,705,4000,1130,30.56,16.9,2.8836823
"273",98.7918146715267,559.883223664847,6.2,2.4,195,500,270,3400,980,40.29,8.5,2.5905075
"274",153.818731737242,567.897866011585,5.8,3.8,185,350,160,2100,1600,21.07,6.8,2.8593292
"275",70.5439210332415,542.201975967277,6.2,2,110,310,285,3000,1180,30.65,6.35,2.2422447
"276",181.199281717661,534.562632642525,5.2,3.4,390,790,180,1700,1460,90.64,8.8,3.7249527
"277",39.049201330024,529.165831917819,6.7,2.4,160,400,280,4500,850,33.83,8.5,2.0512238
"278",124.199184320388,509.280149256071,5.8,3.4,210,445,160,2000,1650,40.04,7.1,3.947319
"279",27.2444060595488,499.163350643973,6.3,1.6,120,270,230,2500,1050,25.73,10.5,1.9426651
"280",188.508102197133,506.603702781665,5.5,3.5,250,610,190,2100,1640,66.77,6.45,3.9561996
"281",76.1440392934573,495.800280185044,6,2.9,180,320,110,2100,1750,29.88,5.6,3.1044083
"282",152.079529309298,492.386318930505,5.6,3.7,310,520,160,1700,1840,56.92,5,3.7018318
"283",45.4718315207614,461.342768986724,6.6,4.8,300,532,340,3200,1840,115.28,12.4,3.0854645
"284",149.286380759613,458.482725596266,5.6,2.7,250,420,150,1800,1530,30.03,8.95,3.7482414
"285",101.210197572599,450.590571126884,6.3,2.9,170,575,220,2700,1770,35.14,6.7,3.4922867
"286",171.257140248305,445.196570852736,5.6,4.3,130,320,125,2000,1750,38.56,7.1,4.5837936
"287",27.346729416284,437.420623096334,6,3.2,110,400,190,2600,1730,60.25,4.2,3.0318756
"288",153.371890510258,415.426356576397,5.5,3.7,210,580,150,1700,1810,50.32,6,4.4980545
"289",56.4957322279603,411.331937447382,6.4,2.7,200,450,180,3000,1680,45.28,5.2,3.2304039
"290",127.745886856103,396.457754291703,5.5,4,230,500,160,1900,1640,46.23,9.25,4.5986633
"291",42.593219051737,380.792241700783,6.7,3.4,320,610,190,3600,1590,32.55,6.3,3.5715828
"292",54.0010990522017,377.929238126783,6.3,3,280,510,130,3200,1700,40.77,4.2,3.5482216
"293",155.501723976057,368.772167236966,5.5,3.2,160,620,115,1300,2080,38.74,6.05,5.3975868
"294",58.7427265147477,348.549699483597,6.2,2.6,175,430,130,2200,2080,41.11,5.95,3.9153328
"295",120.347848466886,337.768880242412,5.6,4.1,108,410,150,1500,2230,46.56,6.2,5.1786194
"296",31.9148481707131,320.471000596473,6.2,4.7,90,500,180,2600,1820,46.13,6.5,4.2784348
"297",76.9241535230065,307.37021895483,6,3.6,180,350,150,2100,1750,43.76,5.1,5.0425224
"298",129.665653098692,309.752350145034,6.9,2.2,200,525,400,2700,1020,60.81,14.5,5.2800674
"299",92.7856510915825,292.84741396053,5.9,3.6,240,460,150,2000,1610,29.2,2.9,5.1156845
"300",115.956855748754,281.00973156015,5.5,4.3,115,420,160,2100,1760,41.53,4,5.4365005
"301",39.66019876758,262.805896539076,6.7,4.6,250,560,175,3400,1800,29.85,7.5,4.9322701
"302",174.117728461106,272.880289071026,5.9,3.3,440,390,165,2400,1380,41.38,-6.65,5.0043449
"303",55.8500804562645,255.266779718013,6.2,3.9,90,430,110,2400,1970,24.26,4.55,4.9947281
"304",194.55609351092,249.424408841184,6.2,2.3,290,620,270,2600,1330,37.45,9.45,4.4511223
"305",30.2499135528526,235.438954722021,6.6,3.2,200,580,200,2700,1740,35.73,1.9,5.0314713
"306",133.237971908716,217.197006169385,6.1,4,354.163265306122,500,230,2800,1570,39.15,9.65,4.7767944
"307",71.3603492187909,199.494069517204,5.5,2.9,250,505,160,1600,1690,27.76,3.9,4.9645119
"308",171.128243998764,210.515950223382,5.8,3.4,260,310,140,2000,1920,40.52,12.2,4.8613319
"309",39.5516250831792,191.129758963607,6.2,3.6,195,560,170,2400,1350,45.3,4.35,5.1438484
"310",84.9365020299479,168.22593703346,6.3,4.7,240,420,260,2900,890,104.89,12.2,4.7369957
"311",171.361228425618,170.531559263895,5.8,2.7,300,360,225,2700,930,58.83,19,4.8793144
"312",62.2729404472215,148.800601429658,6.5,5.2310009718173,110,230,600,3300,530,21.04,10.95,4.5317154
"313",121.585434672205,147.372343220653,6.2,3.9,270,285,280,2900,1130,39.34,12,4.8042221
"314",98.1719645644374,115.285802422333,5.9,5.075,320,540,430,4000,1300,63.6,8.3,4.6634483
"315",175.35986845467,110.502935916829,7.2,2.3,190,280,230,3000,1680,17.3,9,5.0635872
"316",37.6048763667205,103.467486439126,6.2,6.3,290,450,480,4400,990,106.6,6.75,4.7962341
"317",186.923576722073,107.240922598606,6.6,2.1,210,380,260,3300,1510,39.03,4.9,4.8251648
"318",70.2126321894165,98.4509390430946,7.1,3.6,170,280,570,4400,780,29.1,11.9,4.5317154
"319",140.347182612293,91.7660483905227,6.4,3.4,290,210,220,3100,1040,34.41,8.5,4.7767944
"320",26.6679489573738,64.1908166498762,6.2,6.8,160,280,350,3400,940,57.66,7.2,4.4965591
"321",121.936445327191,61.9580339261852,7.2,2,245,275,470,3700,740,23.06,10.6,4.8110733
"322",57.65411021684,40.2450863020347,7.7,1.4,95,280,510,4200,520,16.8,9.4,4.5317154
"323",145.916904252055,39.7688416030971,7.6,1.3,80,180,440,4100,850,13.44,8.2,4.7775002
"324",89.5599737126736,32.216740058912,7.6,2,90,255,490,5000,510,15.66,9.8,5.0835304
